{
  "1": {
    "n": 1,
    "generate_time": 46.760396242141724,
    "apply_time": 46.760396242141724,
    "total_time": 46.760396242141724,
    "resources": 6,
    "success": true,
    "folders_created": 1,
    "errors": [],
    "name_duplicates": 0,
    "structure_consistent": true
  },
  "2": {
    "n": 2,
    "generate_time": 42.666510581970215,
    "apply_time": 42.666510581970215,
    "total_time": 42.666510581970215,
    "resources": 12,
    "success": true,
    "folders_created": 2,
    "errors": [],
    "name_duplicates": 0,
    "structure_consistent": true
  },
  "3": {
    "n": 3,
    "generate_time": 44.778427839279175,
    "apply_time": 44.778427839279175,
    "total_time": 44.778427839279175,
    "resources": 18,
    "success": true,
    "folders_created": 3,
    "errors": [],
    "name_duplicates": 0,
    "structure_consistent": true
  },
  "5": {
    "n": 5,
    "generate_time": 49.77111482620239,
    "apply_time": 49.77111482620239,
    "total_time": 49.77111482620239,
    "resources": 30,
    "success": true,
    "folders_created": 5,
    "errors": [],
    "name_duplicates": 0,
    "structure_consistent": true
  },
  "10": {
    "n": 10,
    "generate_time": 61.760199785232544,
    "apply_time": 61.760199785232544,
    "total_time": 61.760199785232544,
    "resources": 60,
    "success": true,
    "folders_created": 10,
    "errors": [],
    "name_duplicates": 0,
    "structure_consistent": true
  },
  "20": {
    "n": 20,
    "generate_time": 91.96380829811096,
    "apply_time": 91.96380829811096,
    "total_time": 91.96380829811096,
    "resources": 120,
    "success": true,
    "folders_created": 20,
    "errors": [],
    "name_duplicates": 0,
    "structure_consistent": true
  },
  "30": {
    "n": 30,
    "generate_time": 99.73237800598145,
    "apply_time": 99.73237800598145,
    "total_time": 99.73237800598145,
    "resources": 126,
    "success": true,
    "folders_created": 30,
    "errors": [],
    "name_duplicates": 0,
    "structure_consistent": true
  },
  "50": {
    "n": 50,
    "generate_time": 137.41533279418945,
    "apply_time": 137.41533279418945,
    "total_time": 137.41533279418945,
    "resources": 126,
    "success": true,
    "folders_created": 50,
    "errors": [],
    "name_duplicates": 0,
    "structure_consistent": false
  },
  "70": {
    "n": 70,
    "generate_time": 167.62885689735413,
    "apply_time": 167.62885689735413,
    "total_time": 167.62885689735413,
    "resources": 126,
    "success": true,
    "folders_created": 70,
    "errors": [],
    "name_duplicates": 0,
    "structure_consistent": false
  },
  "100": {
    "n": 100,
    "generate_time": 244.00618624687195,
    "apply_time": 244.00618624687195,
    "total_time": 244.00618624687195,
    "resources": 126,
    "success": true,
    "folders_created": 100,
    "errors": [],
    "name_duplicates": 0,
    "structure_consistent": false
  }
}
