{
  "1": {
    "n": 1,
    "generate_time": 43.021302223205566,
    "apply_time": 43.021302223205566,
    "total_time": 43.021302223205566,
    "resources": 6,
    "success": true,
    "folders_created": 1,
    "errors": [],
    "name_duplicates": 0,
    "structure_consistent": true
  }
}