{
  "31": {
    "n": 31,
    "generate_time": 102.15600728988647,
    "apply_time": 102.15600728988647,
    "total_time": 102.15600728988647,
    "resources": 126,
    "success": true,
    "folders_created": 31,
    "errors": [],
    "name_duplicates": 0,
    "structure_consistent": true
  }
}