{
  "5": {
    "n": 5,
    "generate_time": 51.058022260665894,
    "apply_time": 51.058022260665894,
    "total_time": 51.058022260665894,
    "resources": 30,
    "success": true,
    "folders_created": 5,
    "errors": [],
    "name_duplicates": 0,
    "structure_consistent": true
  }
}