{
  "2": {
    "n": 2,
    "generate_time": 42.666510581970215,
    "apply_time": 42.666510581970215,
    "total_time": 42.666510581970215,
    "resources": 12,
    "success": true,
    "folders_created": 2,
    "errors": [],
    "name_duplicates": 0,
    "structure_consistent": true
  }
}