{
  "30": {
    "n": 30,
    "generate_time": 102.89368987083435,
    "apply_time": 102.89368987083435,
    "total_time": 102.89368987083435,
    "resources": 126,
    "success": true,
    "folders_created": 30,
    "errors": [],
    "name_duplicates": 0,
    "structure_consistent": true
  }
}