{
  "50": {
    "n": 50,
    "generate_time": 137.41533279418945,
    "apply_time": 137.41533279418945,
    "total_time": 137.41533279418945,
    "resources": 126,
    "success": true,
    "folders_created": 50,
    "errors": [],
    "name_duplicates": 0,
    "structure_consistent": false
  }
}