{
  "100": {
    "n": 100,
    "generate_time": 244.00618624687195,
    "apply_time": 244.00618624687195,
    "total_time": 244.00618624687195,
    "resources": 126,
    "success": true,
    "folders_created": 100,
    "errors": [],
    "name_duplicates": 0,
    "structure_consistent": false
  }
}