{
  "70": {
    "n": 70,
    "generate_time": 172.33541417121887,
    "apply_time": 172.33541417121887,
    "total_time": 172.33541417121887,
    "resources": 126,
    "success": true,
    "folders_created": 70,
    "errors": [],
    "name_duplicates": 0,
    "structure_consistent": false
  }
}