{
  "10": {
    "n": 10,
    "generate_time": 64.51180934906006,
    "apply_time": 64.51180934906006,
    "total_time": 64.51180934906006,
    "resources": 60,
    "success": true,
    "folders_created": 10,
    "errors": [],
    "name_duplicates": 0,
    "structure_consistent": true
  }
}